field,cmr,cgl,depth10conc,depth20conc
2,19.183976966914127,56.48611654265973,87.99008358620691,80.32132595862069
