field,cmr,cgl,depth10conc,depth20conc
2,19.577722531633107,58.59659276955345,88.0592347586207,80.32132595862069
