field,cmr,cgl,depth10conc,depth20conc
2,19.4042434663005,57.66674497937068,87.71366455172415,80.32132595862069
