field,cmr,cgl,depth10conc,depth20conc
2,20.113802754163036,61.469982762313876,87.92093241379311,80.25220893793103
