field,cmr,cgl,depth10conc,depth20conc
2,19.62984530461657,58.87597083274481,87.64451337931034,80.25220893793103
