conc0,conc6,conc9,conc15,conc20,conc30,conc40,conc60,all_solute_uptake
66.7535644137931,68.3512204137931,70.22664827586206,72.62073006896551,72.98275282758621,71.73580979310346,70.55856724137931,70.15306206896551,0.1867287
