conc0,conc6,conc9,conc15,conc20,conc30,conc40,conc60,all_solute_uptake
66.7535644137931,68.3512204137931,70.22664827586206,72.62073006896551,72.98275282758621,71.73580979310346,70.55856724137931,70.15306206896551,0.1867287
62.98011841379311,68.98313682758621,72.46842186206896,75.28147572413793,74.02957668965517,71.17074234482759,70.03559206896551,70.08415862068966,0.18359559999999997
66.2005151724138,69.71977379310346,72.19334834482758,74.37316813793103,73.75185227586208,71.38520855172415,70.278232,70.17088275862068,0.18010659999999998
