field,cmr,cgl,depth10conc,depth20conc
2,18.178829063051296,51.09852377795495,87.99008358620691,80.32132595862069
