field,cmr,cgl,depth10conc,depth20conc
2,18.866143753230105,54.78253051731336,87.64451337931034,80.25220893793103
