field,cmr,cgl,depth10conc,depth20conc
2,18.670200894369717,53.73227679382168,87.99008358620691,80.32132595862069
