field,cmr,cgl,depth10conc,depth20conc
2,19.23639070174026,56.76705416132779,87.8517812413793,80.25220893793103
