field,cmr,cgl,depth10conc,depth20conc
2,18.643440876936285,53.5888431003785,88.0592347586207,80.32132595862069
