field,cmr,cgl,depth10conc,depth20conc
2,20.197073425971453,61.916313563207,88.0592347586207,80.32132595862069
