field,cmr,cgl,depth10conc,depth20conc
2,19.228562080034816,56.72509274898661,87.92093241379311,80.32132595862069
